,mean_fit_time,std_fit_time,mean_score_time,std_score_time,param_criterion,param_max_depth,param_max_features,split0_test_score,split1_test_score,split2_test_score,split3_test_score,mean_test_score,std_test_score,rank_test_score,split0_train_score,split1_train_score,split2_train_score,split3_train_score,mean_train_score,std_train_score
166,85.60713922977448,4.941656521952143,0.2407013177871704,0.025770113691742154,entropy,60,16,0.8968743000652876,0.8977511544455088,0.8978321681654204,0.8985994157481141,0.8977642596060827,0.0006112072241658356,1,1.0,1.0,1.0,1.0,1.0,0.0
237,72.70457547903061,1.9467069177092389,0.2195676565170288,0.034038614997843004,entropy,110,14,0.8971221067379588,0.8971935894319986,0.8985755881834341,0.8979465404758841,0.8977094562073189,0.0005952922558473465,2,1.0,1.0,1.0,1.0,1.0,0.0
141,73.9424085021019,1.4989202771283898,0.19187188148498535,0.012480297476347872,entropy,45,14,0.8972984307165902,0.8972936652036542,0.8980752093251557,0.8978845888077163,0.8976379735132791,0.00034850817117315505,3,0.999968229812826,1.0,0.9999555217379563,0.9998363835360536,0.999940033771709,6.199639852444491e-05
205,75.86615258455276,1.6547566455219298,0.2165166735649109,0.021107492590640535,entropy,85,14,0.897060155069791,0.8973174927683342,0.8981085679157076,0.8978416991912924,0.8975819787362813,0.0004144284150460642,4,1.0,1.0,1.0,1.0,1.0,0.0
223,98.90223842859268,0.4090971677192574,0.20978504419326782,0.02068839734408462,entropy,95,18,0.897041093018047,0.8974938167469656,0.8967837553195038,0.8984564503600345,0.8974437788611377,0.0006375331988282315,5,1.0,1.0,1.0,1.0,1.0,0.0
143,95.67945945262909,1.075356030315219,0.22601640224456787,0.04164641006930017,entropy,45,18,0.8966884450607842,0.8977559199584447,0.896731334677208,0.8984278572824186,0.8974008892447138,0.0007308539854585452,6,0.9999952344719238,0.9999968229812826,0.9999602872660325,0.9999539332285976,0.9999765694869591,1.959653417671402e-05
151,93.61750519275665,3.4428680453405938,0.236619234085083,0.07184096937720086,entropy,50,18,0.8969696103240072,0.8975033477728376,0.8967456312160159,0.8983325470236989,0.8973877840841399,0.000610974954031045,7,1.0,1.0,1.0,1.0,1.0,0.0
165,74.7099232673645,0.38004081608460927,0.19495820999145508,0.009869405486983373,entropy,60,14,0.8975510029021974,0.8976129545703652,0.8972078859708065,0.8971745273802546,0.8973865927059059,0.00019696332516458233,8,1.0,1.0,1.0,1.0,1.0,0.0
167,97.41487061977386,3.9397851451548522,0.22495299577713013,0.028436230899171487,entropy,60,18,0.897327023794206,0.8978035750878046,0.8966884450607842,0.8977177958549568,0.8973842099494379,0.00044003003087055557,9,1.0,1.0,1.0,1.0,1.0,0.0
213,69.13485461473465,1.3839691208876523,0.18189799785614014,0.0077985408398276385,entropy,90,14,0.897360382384758,0.8969457827593273,0.8982229402261712,0.8969743758369432,0.8973758703017999,0.0005157374409157717,10,1.0,1.0,1.0,1.0,1.0,0.0
174,85.9212434887886,2.3577694483618123,0.20775830745697021,0.008900350811735841,entropy,65,16,0.8971173412250227,0.8972269480225504,0.8976510786738531,0.8974556926434777,0.8973627651412259,0.000206421536025509,11,1.0,1.0,1.0,1.0,1.0,0.0
158,86.2362853884697,1.4642951161199,0.22182875871658325,0.022332279142202826,entropy,55,16,0.8961070524825939,0.8984373883082906,0.8977368579067008,0.8971411687897026,0.897355616871822,0.000854469891425065,12,1.0,1.0,1.0,1.0,1.0,0.0
207,97.54337108135223,5.876387251833865,0.21286076307296753,0.024219087338092835,entropy,85,18,0.8971649963543826,0.8974604581564136,0.896712272625464,0.8979703680405641,0.897327023794206,0.00045712920467442885,13,1.0,1.0,1.0,1.0,1.0,0.0
220,65.54727739095688,1.5018567606039297,0.20067709684371948,0.003969502235649199,entropy,95,12,0.8960784594049781,0.8977606854713807,0.8974318650787978,0.8978178716266125,0.8972722203954423,0.0007047845634956115,14,1.0,1.0,1.0,1.0,1.0,0.0
175,98.10659140348434,4.46865022893968,0.2402411699295044,0.03776769045820625,entropy,65,18,0.8966312589055523,0.8974128030270538,0.8965168865950887,0.8984802779247144,0.8972603066131023,0.0007842129014148491,15,1.0,1.0,1.0,1.0,1.0,0.0
159,94.7634865641594,2.754209674314286,0.2074485421180725,0.046927663596496,entropy,55,18,0.8967646932677599,0.8974747546952216,0.8968552380135436,0.8979084163723963,0.8972507755872303,0.0004678098001939501,16,1.0,1.0,1.0,1.0,1.0,0.0
183,99.54872506856918,2.6665981075028076,0.2365264892578125,0.00642188512566599,entropy,70,18,0.8969743758369432,0.8976272511091732,0.8963119695388413,0.8979608370146921,0.8972186083749124,0.0006323637698446617,17,1.0,1.0,1.0,1.0,1.0,0.0
155,54.076207637786865,1.1790123772774623,0.21582764387130737,0.03955832190973218,entropy,55,10,0.8971125757120868,0.8974080375141178,0.8968457069876716,0.8974652236693497,0.8972078859708065,0.0002482644721981026,18,1.0,1.0,1.0,1.0,1.0,0.0
236,62.48928862810135,3.2803659458830796,0.19743120670318604,0.03084117276780529,entropy,110,12,0.8961499420990179,0.8981991126614913,0.8968218794229917,0.897646313160917,0.8972043118361045,0.000781495992697611,19,1.0,1.0,1.0,1.0,1.0,0.0
206,88.9093810915947,2.748308013239324,0.221962571144104,0.026578402801364316,entropy,85,16,0.8964501694139849,0.8973174927683342,0.8965836037761925,0.8984469193341625,0.8971995463231685,0.0007922754832879104,20,1.0,1.0,1.0,1.0,1.0,0.0
197,73.51767015457153,2.3325021801063603,0.1947905421257019,0.014165082574590126,entropy,80,14,0.8963786867199451,0.8978321681654204,0.8972031204578704,0.897350851358886,0.8971912066755305,0.000523604973448425,21,1.0,1.0,1.0,1.0,1.0,0.0
191,102.89502161741257,3.3037893582101203,0.2891536355018616,0.06732370880315029,entropy,75,18,0.8967646932677599,0.8975986580315573,0.8963310315905852,0.8980418507346039,0.8971840584061266,0.0006729083138718877,22,1.0,1.0,1.0,1.0,1.0,0.0
188,65.57139647006989,1.5069570922474582,0.24603676795959473,0.010045960802894672,entropy,75,12,0.8969648448110712,0.8966836795478481,0.8973937409753099,0.897679671751469,0.8971804842714246,0.0003833998800907884,23,1.0,1.0,1.0,1.0,1.0,0.0
156,66.258613884449,2.5036260012732505,0.24421906471252441,0.03469289388128872,entropy,55,12,0.8964930590304088,0.8972603066131023,0.8978226371395485,0.8971316377638308,0.8971769101367225,0.00047265744937664204,24,1.0,1.0,1.0,1.0,1.0,0.0
171,53.95628732442856,1.9089963908519598,0.23124349117279053,0.05044042184595795,entropy,65,10,0.8963691556940732,0.897060155069791,0.897646313160917,0.8976272511091732,0.8971757187584886,0.0005218331865491943,25,1.0,1.0,1.0,1.0,1.0,0.0
198,84.2483258843422,2.0115262526441677,0.22274285554885864,0.03269454292693745,entropy,80,16,0.8960308042756182,0.8971792928931905,0.8977130303420209,0.8977225613678929,0.8971614222196806,0.0006887969513390199,26,1.0,1.0,1.0,1.0,1.0,0.0
180,65.39523804187775,0.7890463040865318,0.2349490523338318,0.022936836656633496,entropy,70,12,0.8957067493959713,0.8975986580315573,0.8973889754623738,0.8978893543206523,0.8971459343026387,0.0008496991083339423,27,1.0,1.0,1.0,1.0,1.0,0.0
239,99.46266633272171,1.5430368834173862,0.222417414188385,0.02689990887454931,entropy,110,18,0.8965121210821527,0.8974413961046698,0.8965407141597685,0.8980895058639636,0.8971459343026387,0.0006606125164571122,27,1.0,1.0,1.0,1.0,1.0,0.0
6,54.15275448560715,0.8317516755237331,0.1661795973777771,0.0323258977986304,gini,30,16,0.8968028173712478,0.896092755943786,0.8981085679157076,0.8974938167469656,0.8971244894944267,0.0007537837941092081,29,0.9953567871445115,0.9951343958342931,0.9950962716096842,0.9945450588622143,0.9950331283626758,0.00029883482678169166
135,95.79586374759674,4.083738983647288,0.17680764198303223,0.02256869702756699,entropy,40,18,0.8965788382632565,0.8973127272553981,0.896721803651336,0.8978369336783565,0.8971125757120868,0.000500583052883232,30,0.9998856273261734,0.9999237515507823,0.9998586226670755,0.9998347950266949,0.9998756991426815,3.30618945142987e-05
196,63.266973197460175,1.6178574802311145,0.19621312618255615,0.013184698492123724,entropy,80,12,0.8968266449359277,0.89674086570308,0.8969028931429034,0.897956071501756,0.8971066188209168,0.0004937698675370608,31,1.0,1.0,1.0,1.0,1.0,0.0
212,66.37577188014984,1.0671698534434415,0.22679877281188965,0.03554103556089358,entropy,90,12,0.896726569164272,0.8972317135354864,0.8978321681654204,0.8965788382632565,0.8970923222821089,0.0004909793868879503,32,1.0,1.0,1.0,1.0,1.0,0.0
173,75.74922811985016,1.9083036026253042,0.20691221952438354,0.0131243985430677,entropy,65,14,0.8971125757120868,0.8971935894319986,0.8975652994410054,0.8964549349269209,0.8970815998780028,0.00040005480582815,33,1.0,1.0,1.0,1.0,1.0,0.0
222,86.17917966842651,2.0607418232890153,0.23732125759124756,0.03865833737245726,entropy,95,16,0.8972174169966785,0.8972078859708065,0.8969410172463913,0.8969553137851992,0.8970804084997689,0.00013238244122522284,34,1.0,1.0,1.0,1.0,1.0,0.0
235,52.757188856601715,0.9493267498571772,0.18584060668945312,0.0178981929581354,entropy,110,10,0.8969696103240072,0.8959783836333224,0.897965602527628,0.8973842099494379,0.8970744516085989,0.0007249925674769675,35,1.0,1.0,1.0,1.0,1.0,0.0
204,66.35439294576645,0.8035964750540197,0.19642239809036255,0.008724514328495194,entropy,85,12,0.8959069009392826,0.8966217278796803,0.897984664579372,0.8977606854713807,0.8970684947174289,0.0008466693523048387,36,1.0,1.0,1.0,1.0,1.0,0.0
228,66.42813903093338,1.3592825107790047,0.21343278884887695,0.013191996356612183,entropy,100,12,0.8959021354263467,0.8974938167469656,0.8975700649539413,0.8972650721260382,0.897057772313323,0.0006765811711528963,37,1.0,1.0,1.0,1.0,1.0,0.0
164,65.17779010534286,2.1428909310689646,0.19579124450683594,0.02861758329733396,entropy,60,12,0.8968028173712478,0.8959021354263467,0.8973746789235659,0.8981276299674515,0.897051815422153,0.0008132315012547742,38,1.0,1.0,1.0,1.0,1.0,0.0
231,94.89338833093643,1.9611343406231796,0.1977408528327942,0.006412398823509925,entropy,100,18,0.8963405626164572,0.8972650721260382,0.8963977487716891,0.8981943471485553,0.8970494326656849,0.0007557311351157588,39,1.0,1.0,1.0,1.0,1.0,0.0
182,85.10274159908295,0.8970077861479644,0.19524049758911133,0.005726179301426534,entropy,70,16,0.895782997602947,0.8974509271305416,0.8972841341777822,0.8976510786738531,0.897042284396281,0.0007385651463050047,40,1.0,1.0,1.0,1.0,1.0,0.0
229,74.26530641317368,2.714780682693553,0.20000994205474854,0.026902975146435863,entropy,100,14,0.8974461616176057,0.8970029689145591,0.8968504725006076,0.8968075828841837,0.897026796479239,0.000252774414158842,41,1.0,1.0,1.0,1.0,1.0,0.0
203,54.84554374217987,2.9159031459249447,0.2487054467201233,0.07203834089371795,entropy,85,10,0.8965979003150004,0.8961261145343379,0.8969314862205193,0.8984373883082906,0.897023222344537,0.0008651563646847613,42,1.0,1.0,1.0,1.0,1.0,0.0
238,85.02023255825043,1.6509908760841954,0.20903903245925903,0.013803077729758436,entropy,110,16,0.8960593973532341,0.8978845888077163,0.8971316377638308,0.8969696103240072,0.8970113085621971,0.0006490322019740746,43,1.0,1.0,1.0,1.0,1.0,0.0
127,92.58980375528336,0.8683259131365733,0.1881079077720642,0.013146298845967658,entropy,30,18,0.8967932863453758,0.8973985064882458,0.8962786109482894,0.8975605339280693,0.8970077344274952,0.0005088956472480688,44,0.9972423477532918,0.9974345573856949,0.9960096644909383,0.9965577002196908,0.9968110674624039,0.0005659470063768409
221,74.65485310554504,1.2199255393754835,0.20537519454956055,0.02051919756674149,entropy,95,14,0.8964597004398569,0.8961308800472739,0.8974985822599015,0.8979370094500122,0.8970065430492611,0.0007371724425539045,45,1.0,1.0,1.0,1.0,1.0,0.0
157,75.71710854768753,2.400516842906557,0.1950453519821167,0.005885306853406216,entropy,55,14,0.8959497905557064,0.8962690799224174,0.8974366305917337,0.8983659056142508,0.8970053516710271,0.0009609128336957887,46,1.0,1.0,1.0,1.0,1.0,0.0
170,39.27797317504883,1.4691008478921148,0.22061824798583984,0.02225744951475496,entropy,65,7,0.8967837553195038,0.8953683979775163,0.8974699891822856,0.8983182504848909,0.8969850982410492,0.0010801241646585056,47,1.0,1.0,1.0,1.0,1.0,0.0
199,94.8893730044365,2.4282748806564918,0.24197673797607422,0.06587507782963946,entropy,80,18,0.8970077344274952,0.8972269480225504,0.8958115906805629,0.8978559957301004,0.8969755672151772,0.0007406454588543893,48,1.0,1.0,1.0,1.0,1.0,0.0
148,60.213731825351715,1.133425778353072,0.17962247133255005,0.004301322342931962,entropy,50,12,0.8965740727503205,0.8973317893071421,0.8972221825096144,0.896712272625464,0.8969600792981353,0.00032298437510185643,49,1.0,0.9999078664571952,1.0,1.0,0.9999769666142988,3.989499430480688e-05
219,54.726120829582214,2.7669742517385703,0.1915661096572876,0.005972216642064484,entropy,95,10,0.8962833764612254,0.8969743758369432,0.897060155069791,0.8974747546952216,0.8969481655157953,0.0004279220992493069,50,1.0,1.0,1.0,1.0,1.0,0.0
215,92.93953758478165,2.5409820421051923,0.19295185804367065,0.019022926680251157,entropy,90,18,0.8966550864702322,0.8972746031519102,0.8963453281293932,0.8974938167469656,0.8969422086246253,0.00046191533302453403,51,1.0,1.0,1.0,1.0,1.0,0.0
150,81.39420211315155,2.0543958407946086,0.17649447917938232,0.011559051304806861,entropy,50,16,0.8967456312160159,0.8973317893071421,0.8972031204578704,0.8964787624916007,0.8969398258681573,0.0003439659789118053,52,0.9999920574532065,0.9999968229812826,1.0,1.0,0.9999972201086222,3.250627370589241e-06
132,61.60264700651169,3.2842315141437366,0.176152765750885,0.025938870539794046,entropy,40,12,0.8964168108234329,0.8964835280045368,0.8973222582812701,0.8975081132857735,0.8969326775987534,0.0004875328773403294,53,0.9999269285694997,0.9998093788769556,0.9995949301135307,0.9998760962700212,0.9998018334575018,0.0001265204326089288
147,58.03359007835388,3.230636119807352,0.23677104711532593,0.040655143306037915,entropy,50,10,0.8968743000652876,0.8970553895568549,0.8972364790484224,0.8965454796727046,0.8969279120858173,0.00025524149122839614,54,1.0,1.0,1.0,0.9999872919251304,0.9999968229812826,5.5027578351507495e-06
140,64.18223005533218,1.9625617641229318,0.19571304321289062,0.022223892167360926,entropy,45,12,0.8958258872193708,0.8976177200833012,0.8977940440619326,0.8964644659527928,0.8969255293293493,0.0008147450656202748,55,0.9998919813636082,0.9999984114906413,0.9999618757753911,0.9999936459625652,0.9999614786480514,4.2511178647205393e-05
134,81.15173262357712,2.014256293630915,0.171281099319458,0.013202953189356341,entropy,40,16,0.8958449492711148,0.8975938925186212,0.897679671751469,0.8965645417244485,0.8969207638164134,0.0007604792269198065,56,0.9998316180079775,0.9999936459625652,0.9998189099331078,0.9999364596256519,0.9998951583823257,7.289856195798634e-05
189,77.337575674057,0.968217151160867,0.2284567952156067,0.03099889359966664,entropy,75,14,0.8964930590304088,0.8971221067379588,0.897017265453367,0.8969124241687754,0.8968862138476275,0.00023878738990612588,57,1.0,1.0,1.0,1.0,1.0,0.0
190,89.10086208581924,2.2458808000623836,0.2444583773612976,0.029822217728393385,entropy,75,16,0.8971459343026387,0.8970982791732788,0.8963977487716891,0.8968743000652876,0.8968790655782235,0.00029621026935863456,58,1.0,1.0,1.0,1.0,1.0,0.0
195,52.87181144952774,1.2283118383854428,0.194807767868042,0.006882465667761715,entropy,80,10,0.8962833764612254,0.8968028173712478,0.897989430092308,0.8962881419741614,0.8968409414747356,0.0006958709621916152,59,1.0,1.0,1.0,1.0,1.0,0.0
234,38.22143864631653,0.9720920467420217,0.18436408042907715,0.008849362468576275,entropy,110,7,0.896083224917914,0.8974985822599015,0.897041093018047,0.8966312589055523,0.8968135397753537,0.0005214522486259873,60,1.0,1.0,1.0,1.0,1.0,0.0
7,59.461924612522125,2.486401023759087,0.15480059385299683,0.015034113113330281,gini,30,18,0.8968647690394156,0.8962166592801216,0.8965550106985766,0.8976034235444932,0.8968099656406517,0.0005122483083472747,61,0.9944894610346597,0.9945196427124751,0.9949818989358575,0.9951709315495432,0.9947904835581338,0.00029383236901011115
149,70.39049792289734,1.1146952001927082,0.17381036281585693,0.006786152530264907,entropy,50,14,0.8960451008144261,0.8969219551946473,0.8974604581564136,0.89674086570308,0.8967920949671417,0.0005060132738251841,62,1.0,1.0,0.9999761723596194,0.9999984114906413,0.9999936459625651,1.0109211655658514e-05
230,83.05289316177368,2.384545215983712,0.1975995898246765,0.012984532911385913,entropy,100,16,0.8969267207075834,0.8963691556940732,0.8964406383881129,0.897360382384758,0.8967742242936318,0.00040068584663363664,63,1.0,1.0,1.0,1.0,1.0,0.0
125,77.11176925897598,3.7798229227279845,0.22300225496292114,0.0304499270679767,entropy,30,14,0.8964454039010489,0.8978321681654204,0.8962261903059936,0.8965883692891284,0.8967730329153979,0.0006249491465732867,64,0.9967038430806915,0.9970072483682038,0.9962066396514175,0.9966148865566041,0.9966331544142293,0.00028600337912559486
179,55.868633568286896,2.2606410195900657,0.19585520029067993,0.011187681543296224,entropy,70,10,0.8956114391372515,0.8975986580315573,0.8971554653285106,0.896707507112528,0.8967682674024618,0.0007384805818111241,65,1.0,1.0,1.0,1.0,1.0,0.0
142,84.0667542219162,0.9656988601103611,0.19925403594970703,0.0019692205741912994,entropy,45,16,0.8968504725006076,0.8968409414747356,0.896392983258753,0.8969886723757512,0.8967682674024618,0.00022441910553243802,65,1.0,0.9999952344719238,1.0,0.9999952344719238,0.9999976172359619,2.3827640380780224e-06
163,55.2049800157547,1.690869286872958,0.21815532445907593,0.025799702693526955,entropy,60,10,0.8961165835084659,0.8971078101991508,0.8976129545703652,0.8962261903059936,0.8967658846459938,0.0006219530706772562,67,1.0,1.0,1.0,1.0,1.0,0.0
187,57.082732796669006,1.9204103993428956,0.26372474431991577,0.052098478761363066,entropy,75,10,0.8967361001901439,0.8964358728751769,0.8969839068628152,0.8968885966040955,0.8967611191330579,0.00020754273892541604,68,1.0,1.0,1.0,1.0,1.0,0.0
5,42.89986830949783,3.2916219290748363,0.16048473119735718,0.02218810224645059,gini,30,14,0.8965788382632565,0.8965025900562807,0.8972841341777822,0.8964978245433447,0.896715846760166,0.0003296718163666573,69,0.9946340153863017,0.9944068585480071,0.9948166939625525,0.9947785697379437,0.9946590344087013,0.00016075124109652568
194,37.29921793937683,1.4119438666722628,0.18944531679153442,0.004052644230159877,entropy,80,7,0.8969267207075834,0.8967694587806958,0.8963453281293932,0.8967599277548239,0.896700358843124,0.00021541225475080577,70,1.0,1.0,1.0,1.0,1.0,0.0
181,75.17313784360886,1.8469975209476932,0.21100682020187378,0.024226026253521712,entropy,70,14,0.8959974456850663,0.8962738454353535,0.8966264933926164,0.8978131061136766,0.8966777226566781,0.0006923896301816483,71,1.0,1.0,1.0,1.0,1.0,0.0
214,83.22954380512238,1.0955717405715257,0.21440863609313965,0.026263529380213174,entropy,90,16,0.8958973699134106,0.8974604581564136,0.8963500936423292,0.8969839068628152,0.8966729571437422,0.000596369005974515,72,1.0,1.0,1.0,1.0,1.0,0.0
210,37.94505989551544,0.8917436236042124,0.2041531801223755,0.017739824422111944,entropy,90,7,0.8958306527323069,0.8975605339280693,0.8968075828841837,0.8962881419741614,0.8966217278796803,0.0006428410231821582,73,1.0,1.0,1.0,1.0,1.0,0.0
172,64.3272425532341,2.5962595927779035,0.19994765520095825,0.019100639124839943,entropy,65,12,0.8962357213318656,0.8958306527323069,0.8969219551946473,0.8974461616176057,0.8966086227191064,0.0006212771908928854,74,1.0,1.0,1.0,1.0,1.0,0.0
131,49.46978014707565,0.5124546450394378,0.1689339280128479,0.011222498235980757,entropy,40,10,0.8958354182452428,0.8966836795478481,0.8969457827593273,0.8968600035264795,0.8965812210197245,0.00044083570535538195,75,0.9997664891242707,0.9999110434759126,0.9998681537232277,0.9997982593114447,0.9998359864087139,5.6836400908317214e-05
126,89.82707744836807,3.146964997356393,0.2637256979942322,0.04578353986430737,entropy,30,16,0.8960308042756182,0.896750396728952,0.8963262660776493,0.8972078859708065,0.8965788382632565,0.00044420358116374257,76,0.9967864455673441,0.9961145061086127,0.9953107203731091,0.9967514983614526,0.9962407926026297,0.0005999041924951479
186,40.2262082695961,1.0584363382446254,0.22489923238754272,0.015695927637631522,entropy,75,7,0.8969076586558394,0.8962690799224174,0.8958401837581789,0.8971983549449345,0.8965538193203425,0.0005317378788060044,77,1.0,1.0,1.0,1.0,1.0,0.0
226,38.461595952510834,0.6769569794539958,0.1881616711616516,0.014095232631888733,entropy,100,7,0.8964168108234329,0.8966932105737201,0.897017265453367,0.8960498663273622,0.8965442882944705,0.0003558752679226677,78,1.0,1.0,1.0,1.0,1.0,0.0
139,52.70137858390808,0.8957553736841111,0.20116597414016724,0.008151652918000536,entropy,45,10,0.8962214247930576,0.8965359486468326,0.8964168108234329,0.8969934378886871,0.8965419055380026,0.00028384570798274536,79,0.9999523447192389,1.0,0.9998220869518253,0.9999952344719238,0.999942416535747,7.190856578249125e-05
211,52.57875037193298,2.0125755733608717,0.20059657096862793,0.0174344186146021,entropy,90,10,0.8954255841327481,0.8970220309663031,0.8967742242936318,0.8969267207075834,0.8965371400250666,0.0006478151328181053,80,1.0,1.0,1.0,1.0,1.0,0.0
138,37.285202860832214,0.745564110829767,0.17984533309936523,0.02461624620102708,entropy,45,7,0.8956781563183553,0.8969410172463913,0.8964263418493049,0.8968409414747356,0.8964716142221968,0.0004970832051846378,81,0.9999841149064129,0.999968229812826,0.9999825263970543,0.999930105588217,0.9999662441761277,2.1762433276773396e-05
154,39.99962729215622,1.113070998626148,0.23908859491348267,0.022142932781504285,entropy,55,7,0.8961070524825939,0.8960403353014902,0.8969124241687754,0.8967837553195038,0.8964608918180909,0.00039057405292067357,82,1.0,1.0,1.0,1.0,1.0,0.0
227,55.85890483856201,2.6426782558999133,0.21273499727249146,0.016277971101181822,entropy,100,10,0.8967599277548239,0.8951730119471409,0.8968504725006076,0.897045858530983,0.8964573176833889,0.000748659655498128,83,1.0,1.0,1.0,1.0,1.0,0.0
4,41.26876562833786,1.3966130705909459,0.1414589285850525,0.020314038245628756,gini,30,12,0.8964835280045368,0.8968743000652876,0.8958401837581789,0.8966217278796803,0.8964549349269209,0.0003815834023921708,84,0.9939938461147444,0.9940669175452447,0.9947801582473023,0.9936793212617212,0.9941300607922532,0.0004025960548294888
130,34.43085390329361,0.1240102401065197,0.16420304775238037,0.005500940974740645,entropy,40,7,0.8953398048999004,0.8957591700382671,0.89734608584595,0.897050624043919,0.8963739212070091,0.0008441484393734874,85,0.9998316180079775,0.9999205745320648,0.9999348711162932,0.9999666413034672,0.9999134262399507,5.008844828188196e-05
162,39.89316016435623,0.8272812188379397,0.2340736985206604,0.023610094999291988,entropy,60,7,0.8954017565680682,0.896392983258753,0.8967646932677599,0.8967694587806958,0.8963322229688192,0.0005584946844896109,86,1.0,1.0,1.0,1.0,1.0,0.0
133,74.11686158180237,5.201395341420249,0.1895287036895752,0.029963131914878465,entropy,40,14,0.8960165077368103,0.8967694587806958,0.8964358728751769,0.8960879904308501,0.8963274574558833,0.00030048014000365195,87,0.9999698183221847,0.9999523447192389,0.9999936459625652,0.9999110434759126,0.9999567131199754,3.016861158773095e-05
202,37.88242596387863,0.49631149222034765,0.1835198998451233,0.0036974223918158663,entropy,85,7,0.8946154469336307,0.8972984307165902,0.8968171139100557,0.8965550106985766,0.8963215005647133,0.00102043753905796,88,1.0,1.0,1.0,1.0,1.0,0.0
123,55.45960146188736,0.8791704402412212,0.20202893018722534,0.022590196394561363,entropy,30,10,0.8950634051496132,0.8966932105737201,0.8967789898065678,0.8966026658279364,0.8962845678394594,0.0007077899778834036,89,0.9963384859281899,0.9968706365633553,0.9956045946044692,0.9956554269039476,0.9961172859999904,0.0005226453795827136
146,39.81159406900406,0.7422990939576831,0.22386884689331055,0.018828516545890163,entropy,50,7,0.8957305769606512,0.8961975972283777,0.8965597762115125,0.8964263418493049,0.8962285730624616,0.0003153441131154558,90,1.0,1.0,1.0,1.0,1.0,0.0
218,38.288884341716766,1.4453853444726636,0.1981363296508789,0.02610006216199774,entropy,95,7,0.8959640870945145,0.8962595488965455,0.8952635566929247,0.8973031962295261,0.8961975972283777,0.000733680084405901,91,1.0,1.0,1.0,1.0,1.0,0.0
30,77.67852574586868,1.8684167251628765,0.23615729808807373,0.04511925997157668,gini,50,16,0.8952444946411807,0.895773466577075,0.897031561992175,0.8965216521080247,0.8961427938296138,0.0006849792867872598,92,0.9999904689438478,0.9999491677005216,0.9999984114906413,0.9999920574532065,0.9999825263970543,1.9487585237622566e-05
124,63.5634491443634,1.5629066996057652,0.1980992555618286,0.005010968697000582,entropy,30,12,0.8951301223307171,0.8958258872193708,0.8965168865950887,0.8967742242936318,0.896061780109702,0.0006399863867904425,93,0.9963575480404943,0.9960557312623407,0.9968515744510509,0.9958651101392964,0.9962824909732955,0.0003725306346774607
3,30.545391082763672,0.6613297606118492,0.15963655710220337,0.028170947694251953,gini,30,10,0.8951920739988849,0.8965073555692167,0.8963643901811371,0.8960879904308501,0.8960379525450222,0.0005111054280255445,94,0.9956045946044692,0.9942337110279085,0.9955076955335882,0.9945688865025948,0.9949787219171402,0.0005904523688943712
110,68.66001749038696,2.526368060279169,0.2428249716758728,0.021607277382801476,gini,100,16,0.8962023627413137,0.895473239262108,0.896102286969658,0.8961833006895698,0.8959902974156624,0.0003008790290315154,95,1.0,1.0,1.0,1.0,1.0,0.0
22,56.3334863781929,3.5767556685414235,0.20201510190963745,0.018597709332391025,gini,45,16,0.8959402595298345,0.8949395018132776,0.8964882935174727,0.8965407141597685,0.8959771922550884,0.0006436122506380077,96,0.9998332065173362,0.9998316180079775,0.9999634642847498,0.9999046894384779,0.9998832445621353,5.4918561614499926e-05
85,60.886774599552155,1.4564608912552368,0.24839574098587036,0.009226635279322428,gini,85,14,0.8962929074870973,0.8954923013138519,0.8961928317154417,0.8959259629910266,0.8959760008768544,0.00030980415969005616,97,1.0,1.0,1.0,1.0,1.0,0.0
60,50.88305366039276,2.056858153610182,0.2359602451324463,0.01118204921716577,gini,70,12,0.8950586396366773,0.8962500178706735,0.896083224917914,0.896392983258753,0.8959462164210045,0.0005240371657704302,98,1.0,1.0,1.0,1.0,1.0,0.0
71,78.81690102815628,1.715012011222252,0.22554785013198853,0.01446410828486586,gini,75,18,0.8961070524825939,0.8955780805466996,0.8952969152834765,0.8966884450607842,0.8959176233433885,0.0005316524534909668,99,1.0,1.0,1.0,1.0,1.0,0.0
62,72.54258877038956,2.7589399139326347,0.2368832230567932,0.020558209114441332,gini,70,16,0.8950395775849334,0.8952635566929247,0.8968171139100557,0.896421576336369,0.8958854561310706,0.0007512789957223115,100,1.0,1.0,1.0,1.0,1.0,0.0
93,57.57395017147064,4.0262567043304305,0.23881030082702637,0.014911161354493852,gini,90,14,0.8950109845073174,0.8963453281293932,0.8958783078616667,0.8962404868448015,0.8958687768357947,0.0005246827578344017,101,1.0,1.0,1.0,1.0,1.0,0.0
55,78.05166804790497,2.161481282997981,0.24304449558258057,0.02668691559794249,gini,65,18,0.8958830733746027,0.895125356817781,0.8962643144094815,0.8961880662025057,0.8958652027010927,0.0004503393965506979,102,1.0,1.0,1.0,1.0,1.0,0.0
109,62.655837655067444,1.7510286302929399,0.22993993759155273,0.0047568749684298,gini,100,14,0.8960022111980023,0.8950062189943815,0.8967837553195038,0.8955971425984436,0.8958473320275828,0.0006463246135178823,103,1.0,1.0,1.0,1.0,1.0,0.0
31,99.61124849319458,7.203972237912558,0.2783925533294678,0.012182482746285169,gini,50,18,0.8958830733746027,0.8950586396366773,0.8957448734994591,0.8966646174961042,0.8958378010017108,0.0005703952700942947,104,0.9999698183221847,0.9999904689438478,0.9999968229812826,0.9999904689438478,0.9999868947977907,1.019465407267586e-05
15,59.034023344516754,2.9900029500306613,0.16618669033050537,0.019573502617578408,gini,40,18,0.8962404868448015,0.8951110602789731,0.8953350393869645,0.8966312589055523,0.8958294613540728,0.0006269717804357126,105,0.9993407686161383,0.9994821459490628,0.9996664130346724,0.9995091506081608,0.9994996195520086,0.00011559612181781484
122,38.55595952272415,0.6331984684779652,0.20102739334106445,0.012368863536095669,entropy,30,7,0.8955351909302758,0.8965407141597685,0.8962738454353535,0.8949013777097898,0.8958127820587969,0.0006422965247549956,106,0.9971168555139542,0.9964353849990707,0.997075554270628,0.9966228291033976,0.9968126559717627,0.000291556385543635
23,58.35845869779587,2.4878182173279697,0.18067586421966553,0.04304450641515093,gini,45,18,0.8965740727503205,0.8947536468087742,0.8956209701631235,0.8962547833836095,0.8958008682764569,0.0006951475052930297,107,0.9998077903675969,0.9998570341577168,0.9999618757753911,0.9999126319852714,0.999884833071494,5.7915273594150885e-05
178,39.50834101438522,1.0537248028112045,0.211533784866333,0.0071792869999364045,entropy,70,7,0.8950777016884213,0.8963786867199451,0.8960165077368103,0.8955542529820197,0.8957567872817991,0.0004889762293910669,108,1.0,1.0,1.0,1.0,1.0,0.0
36,49.86863553524017,0.8049814704472734,0.21187150478363037,0.015983903037178233,gini,55,12,0.8944248264161913,0.8959021354263467,0.8965597762115125,0.896102286969658,0.8957472562559271,0.0007998505679766694,109,1.0,1.0,1.0,1.0,1.0,0.0
119,81.28577244281769,0.42032320751204216,0.24124038219451904,0.006502934088607392,gini,110,18,0.8960260387626823,0.8949204397615337,0.8956495632407394,0.8963882177458171,0.8957460648776931,0.0005435335961750269,110,1.0,1.0,1.0,1.0,1.0,0.0
68,50.341080009937286,1.9412789086954036,0.21059894561767578,0.006926795789865737,gini,75,12,0.8960022111980023,0.8958258872193708,0.8948727846321739,0.8961404110731459,0.8957103235306733,0.0004962358504717899,111,1.0,1.0,1.0,1.0,1.0,0.0
87,78.69333755970001,3.0072589396473175,0.26971280574798584,0.0435490953295147,gini,85,18,0.8959307285039625,0.8949252052744697,0.8956305011889955,0.8963215005647133,0.8957019838830352,0.0005110332187717034,112,1.0,1.0,1.0,1.0,1.0,0.0
63,76.72024166584015,2.3926502979749875,0.21115565299987793,0.006886051090374328,gini,70,18,0.8955637840078917,0.8953016807964125,0.8957448734994591,0.8961356455602099,0.8956864959659933,0.0003034321315381284,113,1.0,1.0,1.0,1.0,1.0,0.0
118,70.00181341171265,1.2123962879242454,0.2386314868927002,0.008555103427077172,gini,110,16,0.8953636324645803,0.8950872327142932,0.8959736181203863,0.8963024385129693,0.8956817304530573,0.00048090820268717086,114,1.0,1.0,1.0,1.0,1.0,0.0
111,78.28296130895615,1.0456699103565295,0.262178897857666,0.01807600905611585,gini,100,18,0.8952921497705405,0.8955351909302758,0.8956257356760595,0.8962452523577376,0.8956745821836534,0.00035133136104356503,115,1.0,1.0,1.0,1.0,1.0,0.0
61,62.727612018585205,2.9662557105925775,0.27238011360168457,0.03365476490659885,gini,70,14,0.8954923013138519,0.8942008473082,0.896421576336369,0.8965550106985766,0.8956674339142494,0.0009404880437414278,116,1.0,1.0,1.0,1.0,1.0,0.0
103,79.87143987417221,2.1528087514514636,0.24104547500610352,0.014262493641702756,gini,95,18,0.8953398048999004,0.8949585638650216,0.8960022111980023,0.8963596246682012,0.8956650511577814,0.0005479549883875679,117,1.0,1.0,1.0,1.0,1.0,0.0
37,58.4185476899147,2.9899892036504134,0.23058748245239258,0.01672506415240693,gini,55,14,0.8951730119471409,0.895463708236236,0.8961070524825939,0.8959069009392826,0.8956626684013134,0.00036622238281500027,118,1.0,1.0,1.0,0.9999936459625652,0.9999984114906413,2.7513789175513377e-06
94,67.35493743419647,1.564541623381854,0.24188005924224854,0.017187482337752642,gini,90,16,0.8957687010641391,0.8948203639898781,0.8958497147840507,0.8961356455602099,0.8956436063495694,0.0004944592859820316,119,1.0,1.0,1.0,1.0,1.0,0.0
47,80.06131702661514,2.4031687628296403,0.25383561849594116,0.06008178749895517,gini,60,18,0.8957782320900111,0.8948727846321739,0.8956590942666114,0.8962309558189295,0.8956352667019315,0.0004891909866910468,120,1.0,1.0,1.0,1.0,1.0,0.0
46,73.11724638938904,1.843115395718753,0.29670292139053345,0.040848853424100745,gini,60,16,0.8950538741237413,0.8955304254173398,0.8957401079865231,0.8961833006895698,0.8956269270542935,0.000406221544418843,121,1.0,1.0,1.0,1.0,1.0,0.0
12,37.920528411865234,2.3794099777448903,0.20023876428604126,0.01574010205135595,gini,40,12,0.8957972941417549,0.8948680191192379,0.8955876115725716,0.8962261903059936,0.8956197787848895,0.0004912799505627656,122,0.9995075620988021,0.9998093788769556,0.9993916009156167,0.9995981071322482,0.9995766622559056,0.00015300281028100195
21,43.970053255558014,1.9278807598759886,0.1706486940383911,0.03780423699921294,gini,45,14,0.8947727088605182,0.8952111360506289,0.8961928317154417,0.8962786109482894,0.8956138218937195,0.000641643180352897,123,0.9998681537232277,0.9999269285694997,0.999957110247315,0.9999078664571952,0.9999150147493094,3.225299950954713e-05
39,82.43828004598618,5.025049684318672,0.24915874004364014,0.012495336663091194,gini,55,18,0.8956829218312913,0.8944152953903194,0.8959783836333224,0.8963453281293932,0.8956054822460816,0.0007261144910834917,124,0.9999984114906413,1.0,1.0,1.0,0.9999996028726603,6.87844729399853e-07
115,43.42432129383087,2.521042613489556,0.28397423028945923,0.07416205797798585,gini,110,10,0.8953112118222845,0.8952587911799886,0.8960355697885541,0.8957972941417549,0.8956007167331456,0.00032728658492524207,125,1.0,1.0,1.0,1.0,1.0,0.0
69,57.91540306806564,1.4662517244491793,0.22807765007019043,0.038046259891901565,gini,75,14,0.8954351151586201,0.8948108329640061,0.8961785351766337,0.8959545560686425,0.8955947598419756,0.0005268478767646356,126,1.0,1.0,1.0,1.0,1.0,0.0
101,61.951116025447845,1.0988680605456778,0.2250964641571045,0.012899488467055117,gini,95,14,0.8949156742485977,0.89480606745107,0.8962214247930576,0.896421576336369,0.8955911857072736,0.0007347578358149199,127,1.0,1.0,1.0,1.0,1.0,0.0
54,68.8436291217804,2.4274961165854307,0.2360517978668213,0.031239061685166637,gini,65,16,0.8948870811709818,0.8945963848818868,0.8962643144094815,0.8965788382632565,0.8955816546814016,0.0008534618239083577,128,1.0,1.0,1.0,1.0,1.0,0.0
79,76.50640106201172,3.7049465001078947,0.22665947675704956,0.016383850432010596,gini,80,18,0.8953683979775163,0.8946916951406064,0.8955256599044038,0.896731334677208,0.8955792719249337,0.0007352522022577137,129,1.0,1.0,1.0,1.0,1.0,0.0
95,82.84530967473984,2.129249721946277,0.2757798433303833,0.03840922691469036,gini,90,18,0.8953874600292603,0.8945916193689508,0.895473239262108,0.8968075828841837,0.8955649753861257,0.0007955222417967656,130,1.0,1.0,1.0,1.0,1.0,0.0
45,57.4654244184494,1.5987928151927404,0.222426176071167,0.02817308948263695,gini,60,14,0.8950348120719974,0.8952159015635648,0.8960641628661701,0.8958449492711148,0.8955399564432117,0.0004266132322536396,131,1.0,1.0,1.0,1.0,1.0,0.0
75,39.932328939437866,1.5287910365973256,0.20457494258880615,0.011082110017250964,gini,80,10,0.894524902187847,0.8957353424735871,0.896097521456722,0.8957162804218433,0.8955185116349998,0.0005934307484311183,132,1.0,1.0,1.0,1.0,1.0,0.0
14,51.16863226890564,2.8457733637400144,0.16171377897262573,0.016150548661868887,gini,40,16,0.8953779290033883,0.8950824672013572,0.8965359486468326,0.8949919224555735,0.8954970668267879,0.0006165494591192006,133,0.999444021724454,0.9995043850800847,0.9994948540239325,0.999401131971769,0.99946109820006,4.1535419168888735e-05
38,68.0508097410202,1.4145562999666927,0.23019051551818848,0.006238554131617077,gini,55,16,0.8955685495208277,0.8947679433475823,0.8958115906805629,0.8958306527323069,0.89549468407032,0.00043212062098359986,134,1.0,0.9999936459625652,0.9999920574532065,1.0,0.9999964258539429,3.618002250559075e-06
19,32.78645718097687,3.254583698577371,0.14527201652526855,0.014623381395316187,gini,45,10,0.8954112875939402,0.8949776259167656,0.8958497147840507,0.8957210459347792,0.8954899185573839,0.0003359686619869201,135,0.999855445648358,0.9999031009291192,0.9999475791911628,0.9999666413034672,0.9999181917680269,4.294120129721977e-05
70,67.22923427820206,0.712952431031512,0.21846914291381836,0.024201644222771723,gini,75,16,0.8958211217064349,0.8952206670765008,0.894848957067494,0.8959831491462583,0.895468473749172,0.0004567440235036808,136,1.0,1.0,1.0,1.0,1.0,0.0
78,65.67077392339706,0.432787446363198,0.22044837474822998,0.006892719588465978,gini,80,16,0.8957782320900111,0.8950443430978693,0.8952444946411807,0.8955923770855077,0.8954148617286422,0.0002871666422499078,137,1.0,1.0,1.0,1.0,1.0,0.0
13,48.31518316268921,2.3910566503385584,0.15993410348892212,0.026424674053390846,gini,40,14,0.895463708236236,0.8947631778346462,0.8952730877187967,0.8960403353014902,0.8953850772727923,0.0004568496700107422,138,0.9994074860092038,0.9997696661429881,0.9996282888100635,0.9994471987431714,0.9995631599263568,0.00014540284856886664
233,22.354650020599365,0.1777803983960323,0.18480747938156128,0.010810963434777119,entropy,110,4,0.8949823914297015,0.8950729361754852,0.8956590942666114,0.8957401079865231,0.8953636324645803,0.0003387036146288953,139,1.0,1.0,1.0,1.0,1.0,0.0
92,57.497585117816925,2.29054308920127,0.273650586605072,0.036235166539601196,gini,90,12,0.8946011503948228,0.8955685495208277,0.8960022111980023,0.8952778532317326,0.8953624410863463,0.0005095353532094544,140,1.0,1.0,1.0,1.0,1.0,0.0
77,59.6260969042778,3.5190625166010006,0.250094473361969,0.028495655319911647,gini,80,14,0.8947965364251981,0.8949299707874057,0.8959497905557064,0.8957353424735871,0.8953529100604743,0.0004977323896739516,141,1.0,1.0,1.0,1.0,1.0,0.0
108,51.6908894777298,2.33517606715052,0.2268936038017273,0.013695292457604856,gini,100,12,0.8952301981023727,0.8952826187446686,0.8952254325894368,0.8956209701631235,0.8953398048999004,0.00016387406525939484,142,1.0,1.0,1.0,1.0,1.0,0.0
117,60.77151024341583,2.0555470539901055,0.22509229183197021,0.01622646223665014,gini,110,14,0.8951777774600769,0.8953255083610925,0.8954208186198122,0.8950681706625493,0.8952480687758827,0.00013522536577298335,143,1.0,1.0,1.0,1.0,1.0,0.0
51,44.89439469575882,3.0156122958046874,0.2521790862083435,0.02901671276393839,gini,65,10,0.8944581850067432,0.8945010746231671,0.8956781563183553,0.8963262660776493,0.8952409205064787,0.0007951724589116463,144,1.0,1.0,1.0,1.0,1.0,0.0
53,61.56711035966873,1.5271637496441102,0.2444854974746704,0.011224741822925736,gini,65,14,0.8949633293779576,0.8952492601541167,0.8953016807964125,0.8954351151586201,0.8952373463717768,0.00017210364780706445,145,1.0,1.0,1.0,1.0,1.0,0.0
86,63.9584184885025,3.0016894649421983,0.23002970218658447,0.04320223968035803,gini,85,16,0.8955494874690837,0.8941055370494804,0.8959640870945145,0.8953207428481564,0.8952349636153087,0.0006916481668647226,146,1.0,1.0,1.0,1.0,1.0,0.0
209,23.44866681098938,0.34698140854757514,0.20809757709503174,0.013611024729340893,entropy,90,4,0.8950491086108053,0.8940149923036966,0.895792528628819,0.8960689283791061,0.8952313894806068,0.000795172458911642,147,1.0,1.0,1.0,1.0,1.0,0.0
83,41.26577353477478,2.0315552365733125,0.23551589250564575,0.029662497283273376,gini,85,10,0.8947584123217103,0.8954970668267879,0.8951968395118208,0.8951730119471409,0.895156332651865,0.000262849468187211,148,1.0,1.0,1.0,1.0,1.0,0.0
27,33.43298715353012,0.8303463430388264,0.15929490327835083,0.017664826400526003,gini,50,10,0.894196081795264,0.8953016807964125,0.8965931348020644,0.894529667700783,0.8951551412736309,0.0009219966774519983,149,0.9999936459625652,0.9999777608689782,0.9999984114906413,0.9999984114906413,0.9999920574532065,8.480319363473335e-06
2,22.73801028728485,2.9217049336262537,0.1621330976486206,0.037765765445278786,gini,30,7,0.8950395775849334,0.8944343574420632,0.8958830733746027,0.8952397291282447,0.895149184382461,0.0005171514789107995,150,0.9951550464559562,0.9948929424117702,0.9946737281202692,0.9946657855734757,0.9948468756403679,0.0001999156541213834
10,23.906147837638855,0.6292533346245749,0.15387749671936035,0.022717384206343543,gini,40,7,0.8950443430978693,0.8958544802969868,0.8951968395118208,0.8943533437221516,0.8951122516572071,0.0005335286508658434,151,0.9995568058889219,0.9997124798060748,0.9997108912967161,0.9994456102338127,0.9996064468063814,0.00011234352712451749
29,66.75192254781723,4.7126831814854055,0.24856340885162354,0.03675086511157077,gini,50,14,0.8941341301270962,0.895134887843653,0.8952873842576046,0.8958735423487307,0.8951074861442712,0.0006259748854530138,152,0.9999777608689782,0.9999872919251304,0.9999984114906413,0.9999809378876956,0.9999861005431114,7.892749770984934e-06
76,52.3632829785347,1.6481732730373042,0.25425344705581665,0.04032149484708419,gini,80,12,0.8947917709122621,0.895444646184492,0.8951110602789731,0.8950681706625493,0.8951039120095692,0.000231765174384912,153,1.0,1.0,1.0,1.0,1.0,0.0
11,33.12903171777725,1.2384914079109333,0.15644723176956177,0.019828536492893505,gini,40,10,0.8950300465590614,0.8953874600292603,0.8965025900562807,0.8933764135702746,0.8950741275537193,0.0011205867062755914,154,0.9992819937698663,0.9997601350868358,0.9997299534090205,0.9996028726603243,0.9995937387315117,0.00018941392187537398
20,39.22320008277893,3.3203147935447657,0.14850986003875732,0.01829382701977433,gini,45,12,0.8944629505196792,0.8946059159077587,0.8964882935174727,0.8946773986017985,0.8950586396366773,0.0008290143612122789,155,0.9998903928542495,0.9999094549665539,0.999898335401043,0.999893569872967,0.9998979382737034,7.2250986855936895e-06
59,43.19616365432739,1.2220424485388757,0.2236369252204895,0.01652388464029044,gini,70,10,0.8943009230798556,0.8955351909302758,0.8957401079865231,0.8946249779595027,0.8950502999890393,0.0006027891171696503,156,1.0,1.0,1.0,1.0,1.0,0.0
107,46.45131081342697,3.8353791428727964,0.2806395888328552,0.031077458635644286,gini,100,10,0.8941484266659042,0.8951920739988849,0.8954494116974281,0.8953636324645803,0.8950383862066994,0.0005221051148986913,157,1.0,1.0,1.0,1.0,1.0,0.0
52,51.1163415312767,0.6670731280707848,0.2437722086906433,0.024122618931904757,gini,65,12,0.8946821641147344,0.8958449492711148,0.8943867023127035,0.8952206670765008,0.8950336206937634,0.0005557124995036017,158,1.0,1.0,1.0,1.0,1.0,0.0
102,72.26805537939072,1.6175136279615303,0.24365514516830444,0.02318961507965454,gini,95,16,0.8950348120719974,0.894515371161975,0.8952254325894368,0.8952969152834765,0.8950181327767214,0.0003056715306410741,159,1.0,1.0,1.0,1.0,1.0,0.0
26,24.80733096599579,0.6039636643426548,0.15066105127334595,0.015253699013774578,gini,50,7,0.8939435096096569,0.8951015292531012,0.8953398048999004,0.8956305011889955,0.8950038362379135,0.0006401992632295008,160,0.9999825263970543,1.0,1.0,1.0,0.9999956315992635,7.566292023302234e-06
67,40.97980707883835,2.048019404961965,0.2031172513961792,0.027859668258903687,gini,75,10,0.8943295161574716,0.8949919224555735,0.8951158257919091,0.8955637840078917,0.8950002621032115,0.0004418375200933798,161,1.0,1.0,1.0,1.0,1.0,0.0
116,50.85519099235535,2.3282113066985257,0.2727554440498352,0.04834153238777037,gini,110,12,0.8950300465590614,0.8943152196186637,0.8956829218312913,0.8948966121968538,0.8949812000514675,0.00048618013112654464,162,1.0,1.0,1.0,1.0,1.0,0.0
99,44.99688357114792,0.8445451017865636,0.26383084058761597,0.054783140218235916,gini,95,10,0.8946964606535425,0.8946154469336307,0.8955923770855077,0.8949823914297015,0.8949716690255956,0.0003834146881776866,163,1.0,1.0,1.0,1.0,1.0,0.0
35,52.06500285863876,4.857414958289417,0.25319087505340576,0.032359998040512185,gini,55,10,0.8941722542305841,0.894524902187847,0.8958640113228588,0.8952254325894368,0.8949466500826816,0.0006513124353172035,164,1.0,1.0,1.0,1.0,1.0,0.0
98,32.305052280426025,0.9468677518678728,0.2601167559623718,0.011795992050666457,gini,95,7,0.8933239929279788,0.8956733908054193,0.8948966121968538,0.8958640113228588,0.8949395018132776,0.0010006272237663048,165,1.0,1.0,1.0,1.0,1.0,0.0
100,55.07305932044983,3.443565828850657,0.25949692726135254,0.04235141530610995,gini,95,12,0.8946154469336307,0.894529667700783,0.8947965364251981,0.8957877631158829,0.8949323535438737,0.0005031792706013731,166,1.0,1.0,1.0,1.0,1.0,0.0
84,50.75397664308548,2.6949697603809883,0.21991848945617676,0.009173491605323493,gini,85,12,0.8944009988515114,0.8953302738740284,0.8952349636153087,0.8947298192440943,0.8949240138962358,0.00037848157064646016,167,1.0,1.0,1.0,1.0,1.0,0.0
28,39.78737038373947,1.4504360899773177,0.16694384813308716,0.021371800397823718,gini,50,12,0.8949299707874057,0.8950109845073174,0.8947441157829022,0.8949776259167656,0.8949156742485977,0.00010314886424443074,168,0.9999904689438478,1.0,0.9999984114906413,1.0,0.9999972201086222,3.951367139081032e-06
43,41.8337926864624,1.3432294838959835,0.24387800693511963,0.02573072408662711,gini,60,10,0.8944581850067432,0.8952635566929247,0.8948680191192379,0.8949966879685095,0.8948966121968538,0.0002905595413959908,169,1.0,1.0,1.0,1.0,1.0,0.0
91,45.75429171323776,1.2287309698140167,0.25521910190582275,0.023725698461024382,gini,90,10,0.8944200609032553,0.8951110602789731,0.8952254325894368,0.8948108329640061,0.8948918466839179,0.0003116404989195201,170,1.0,1.0,1.0,1.0,1.0,0.0
90,31.8084819316864,0.43603714135267235,0.24110394716262817,0.020518673225742252,gini,90,7,0.8934955513936742,0.8952111360506289,0.8948203639898781,0.8959640870945145,0.8948727846321739,0.0008951175989287864,171,1.0,1.0,1.0,1.0,1.0,0.0
114,32.96667069196701,2.59925114691215,0.25539034605026245,0.0395876912419649,gini,110,7,0.893895854480297,0.8944677160326152,0.8959354940168985,0.895153949895397,0.8948632536063019,0.0007626458666712836,172,1.0,1.0,1.0,1.0,1.0,0.0
177,25.722437024116516,1.2334993612217842,0.2684583067893982,0.04502832283288963,entropy,70,4,0.895158715408333,0.894205612821136,0.894520136674911,0.8953969910551323,0.8948203639898781,0.00047828754292690665,173,1.0,1.0,1.0,1.0,1.0,0.0
44,51.75021517276764,1.7378326346838273,0.23573720455169678,0.031455518552942756,gini,60,12,0.8942627989763678,0.894834660528686,0.8959354940168985,0.8941436611529682,0.8947941536687302,0.000708833005407198,174,1.0,1.0,1.0,1.0,1.0,0.0
18,23.39613151550293,1.309323760442851,0.13156867027282715,0.003495234958422307,gini,45,7,0.8945963848818868,0.8949728604038296,0.8947059916794144,0.894825129502814,0.8947750916169862,0.00013993496847639463,175,0.9998999239104017,0.9999825263970543,0.9999888804344891,0.9999904689438478,0.9999654499214482,3.794800576440055e-05
193,22.42885911464691,0.2962118498351336,0.1903214454650879,0.007789766031316933,entropy,80,4,0.8937195305016655,0.8947774743734542,0.8950252810461254,0.8955637840078917,0.8947715174822842,0.0006705956840517278,176,1.0,1.0,1.0,1.0,1.0,0.0
66,27.819961667060852,0.485753742167743,0.19434189796447754,0.018195406887801715,gini,75,7,0.8944867780843591,0.8947870053993262,0.8951968395118208,0.8946011503948228,0.8947679433475823,0.0002698096902674366,177,1.0,1.0,1.0,1.0,1.0,0.0
169,23.408096194267273,0.14713183624209125,0.20093566179275513,0.010063127408109088,entropy,65,4,0.8950919982272292,0.8940578819201205,0.8953922255421962,0.8943152196186637,0.8947143313270524,0.0005459827914066599,178,1.0,1.0,1.0,0.9999984114906413,0.9999996028726603,6.878447293998529e-07
82,28.502967715263367,0.9370403720351704,0.20095312595367432,0.013131224472598927,gini,85,7,0.8946821641147344,0.8945773228301428,0.8943581092350875,0.8950252810461254,0.8946607193065226,0.0002407763326139048,179,1.0,1.0,1.0,1.0,1.0,0.0
153,23.43993729352951,1.7889749849723537,0.22182071208953857,0.04438233924565974,entropy,55,4,0.893262041259811,0.8954351151586201,0.8949252052744697,0.894844191554558,0.8946166383118647,0.0008142222624656393,180,1.0,1.0,1.0,1.0,1.0,0.0
50,30.542198657989502,1.1134056722958343,0.25194787979125977,0.029989167447423866,gini,65,7,0.8934764893419304,0.895454177210364,0.894834660528686,0.8947012261664784,0.8946166383118647,0.0007169553459452019,180,1.0,1.0,1.0,1.0,1.0,0.0
129,21.330248594284058,0.42154095442553224,0.16634809970855713,0.008604756660157002,entropy,40,4,0.8939911647390166,0.8951873084859489,0.8940578819201205,0.8950014534814454,0.8945594521566329,0.0005394654837369665,182,0.9997776086897816,0.9998808617980973,0.999941225153728,0.9996584704878789,0.9998145415323715,0.00010743524021091095
217,25.262633800506592,0.29463516263427303,0.229830801486969,0.048524630100181175,entropy,95,4,0.8934812548548663,0.8950252810461254,0.8944343574420632,0.8951968395118208,0.894534433213719,0.0006706179079720536,183,1.0,1.0,1.0,1.0,1.0,0.0
106,29.661881506443024,1.022437575621802,0.2748352289199829,0.08760625976557923,gini,100,7,0.8943771712868315,0.893910151019105,0.8945582607783988,0.8952016050247569,0.894511797027273,0.0004631673462948726,184,1.0,1.0,1.0,1.0,1.0,0.0
74,29.064742982387543,0.4283835560296158,0.21449053287506104,0.022730991155887982,gini,80,7,0.8933096963891708,0.8948203639898781,0.8944629505196792,0.8954112875939402,0.8945010746231671,0.0007666923919612676,185,1.0,1.0,1.0,1.0,1.0,0.0
58,28.74691790342331,1.3419920985925804,0.2199087142944336,0.021777651127166113,gini,70,7,0.893910151019105,0.8945439642395909,0.8946249779595027,0.8947298192440943,0.8944522281155732,0.000319829031740597,186,1.0,1.0,1.0,1.0,1.0,0.0
137,23.158485531806946,0.4164967758651957,0.1969323754310608,0.0301630792174443,entropy,45,4,0.894186550769392,0.8933859445961466,0.8953541014387083,0.8946202124465666,0.8943867023127035,0.0007127349961854253,187,0.9999968229812826,0.9999952344719238,1.0,0.9999984114906413,0.9999976172359619,1.7760074544947851e-06
201,24.931598246097565,0.8543799828266001,0.23872101306915283,0.006754426283068299,entropy,85,4,0.8939768682002087,0.8949299707874057,0.8942485024375598,0.8943390471833436,0.8943735971521295,0.0003477743058647912,188,1.0,1.0,1.0,1.0,1.0,0.0
42,29.29682606458664,0.4140933844853694,0.21890568733215332,0.024175295914852925,gini,60,7,0.8940388198683765,0.8934335997255064,0.8949204397615337,0.8950157500202535,0.8943521523439175,0.0006529220125860908,189,1.0,1.0,1.0,1.0,1.0,0.0
34,39.503228425979614,1.690405695012462,0.27081531286239624,0.035380528204314005,gini,55,7,0.8946345089853747,0.894196081795264,0.894219909359944,0.8939339785837849,0.8942461196810919,0.0002507334676813652,190,1.0,1.0,1.0,1.0,1.0,0.0
161,25.68768447637558,1.1238017130557159,0.2452201247215271,0.05177185153345119,entropy,60,4,0.8945630262913349,0.8945963848818868,0.8930666552294356,0.8946106814206947,0.894209186955838,0.0006598676118032814,191,1.0,1.0,1.0,1.0,1.0,0.0
225,24.894381940364838,0.6078873866845006,0.21469956636428833,0.014667241083292778,entropy,100,4,0.8930142345871398,0.8943390471833436,0.8943771712868315,0.8947774743734542,0.8941269818576922,0.0006650025289389668,192,1.0,1.0,1.0,1.0,1.0,0.0
185,24.510329604148865,0.9146221075513272,0.23245769739151,0.014850414292230905,entropy,75,4,0.8922231594397663,0.8946869296276705,0.8949347363003417,0.8945916193689508,0.8941091111841823,0.0010960336578662668,193,1.0,1.0,1.0,1.0,1.0,0.0
145,24.992651760578156,0.5845629959421816,0.22985833883285522,0.007906440964939195,entropy,50,4,0.892971344970716,0.8934717238289943,0.8947870053993262,0.89482989501575,0.8940149923036966,0.0008130822592423618,194,1.0,1.0,1.0,1.0,1.0,0.0
121,25.099552989006042,0.20515002987940223,0.22434884309768677,0.017869002959518168,entropy,30,4,0.8934431307513784,0.8943771712868315,0.8936957029369856,0.8942675644893038,0.8939458923661249,0.0003888568033324722,195,0.994985075954575,0.9964465045645816,0.9961605728800151,0.9954886334212838,0.9957701967051139,0.0005712876583728038
41,17.700500786304474,0.5464204598899793,0.22046327590942383,0.024965811763750557,gini,60,4,0.8937481235792815,0.8935146134454182,0.894534433213719,0.8934907858807383,0.8938219890297893,0.000423440697088367,196,1.0,1.0,1.0,1.0,1.0,0.0
65,16.477001905441284,0.6548748721892383,0.18171799182891846,0.004482449696909968,gini,75,4,0.893281103311555,0.8931476689493474,0.8939959302519527,0.8944391229549993,0.8937159563669635,0.0005275895798691839,197,1.0,1.0,1.0,1.0,1.0,0.0
89,18.035711109638214,0.21517430625662456,0.2315710186958313,0.01293349850525831,gini,90,4,0.8918037943013997,0.8933287584409147,0.8946821641147344,0.8942675644893038,0.8935205703365882,0.001105826854432786,198,1.0,1.0,1.0,1.0,1.0,0.0
57,18.789400219917297,0.8570261518032516,0.21850860118865967,0.01568510441894165,gini,70,4,0.8925472143194133,0.8926901797074929,0.8936385167817538,0.8949633293779576,0.8934598100466544,0.0009640627958163574,199,1.0,1.0,1.0,1.0,1.0,0.0
73,17.0084428191185,0.29987897382762635,0.20324301719665527,0.011914134803857942,gini,80,4,0.893876792428553,0.893557503061842,0.8929761104836519,0.8932953998503629,0.8934264514561024,0.0003316485450251758,200,1.0,1.0,1.0,1.0,1.0,0.0
105,19.960624754428864,0.21162004804234893,0.28285741806030273,0.02761051581409566,gini,100,4,0.8921087871293026,0.8934431307513784,0.8941245991012242,0.8939149165320409,0.8933978583784866,0.000784100676804666,201,1.0,1.0,1.0,1.0,1.0,0.0
9,13.094642281532288,1.5468138666400066,0.13942354917526245,0.01266915673858684,gini,40,4,0.8928426761214443,0.8938386683250652,0.8924900281641814,0.8940864749977364,0.8933144619021068,0.0006657832614220954,202,0.9996489394317266,0.999941225153728,0.999882450307456,0.999577456510585,0.999762517850874,0.00015286256180038266
81,16.82928466796875,0.28807550928780284,0.1996171474456787,0.009312005297993621,gini,85,4,0.8929379863801641,0.8929236898413561,0.8936718753723057,0.8933287584409147,0.8932155775086852,0.00030954519409025623,203,1.0,0.9999984114906413,1.0,1.0,0.9999996028726603,6.87844729399853e-07
33,23.40768313407898,1.1859608169044047,0.24553775787353516,0.017822392738117653,gini,55,4,0.8921230836681107,0.8929189243284201,0.8931047793329235,0.8946011503948228,0.8931869844310693,0.0008958744475729105,204,1.0,1.0,0.9999920574532065,0.9999968229812826,0.9999972201086222,3.250627370589241e-06
1,13.62371176481247,1.0828619813238018,0.18126434087753296,0.03904053886881558,gini,30,4,0.8932191516433872,0.8936766408852417,0.8933573515185307,0.8924852626512455,0.8931846016746012,0.00043652430153331056,205,0.9971613337759979,0.9950311427259774,0.9953361365228484,0.9966085325191694,0.9960342863859983,0.0008794465411301785
49,20.02563339471817,0.5037879242249164,0.28880685567855835,0.013681475128912157,gini,65,4,0.8923613593149099,0.8937147649887296,0.8930142345871398,0.893271572285683,0.8930904827941155,0.0004898868490438006,206,0.9999984114906413,1.0,1.0,1.0,0.9999996028726603,6.87844729399853e-07
97,18.23053503036499,0.3979867182426093,0.23357951641082764,0.009032925486709184,gini,95,4,0.8923851868795898,0.8919134010989272,0.8945820883430788,0.8932858688244909,0.8930416362865217,0.0010169172205176716,207,1.0,1.0,1.0,1.0,1.0,0.0
25,12.658306062221527,0.3804076754022031,0.16227185726165771,0.026146896515025077,gini,50,4,0.8922422214915102,0.8934145376737626,0.8933049308762349,0.8931524344622833,0.8930285311259477,0.00046342009960699825,208,1.0,1.0,0.9999952344719238,0.9999666413034672,0.9999904689438478,1.3893782482657484e-05
17,13.59055870771408,0.542918224940559,0.14670872688293457,0.02011664161315305,gini,45,4,0.8924900281641814,0.8918705114825034,0.8935384410100982,0.8941055370494804,0.8930011294265658,0.0008729177182295928,209,0.9999539332285976,0.9999825263970543,0.9999825263970543,0.9999586987566738,0.999969421194845,1.3213065775121796e-05
113,20.037570893764496,0.3859070919809452,0.2821785807609558,0.02820755807964561,gini,110,4,0.8911127949256819,0.8937624201180894,0.8934717238289943,0.8936385167817538,0.8929963639136298,0.0010923600134485729,210,1.0,1.0,1.0,1.0,1.0,0.0
216,13.440449476242065,0.3403485609365941,0.23876464366912842,0.027956852684403975,entropy,95,2,0.8911127949256819,0.8908745192788826,0.8917513736591038,0.8898975891270057,0.8909090692476684,0.0006661956559909087,211,0.9999872919251304,0.9999984114906413,0.9999888804344891,0.9999984114906413,0.9999932488352254,5.193113824087315e-06
224,13.568429231643677,0.245816648532568,0.2268432378768921,0.03699563929508115,entropy,100,2,0.8905599954251076,0.8911270914644898,0.88979751335535,0.8917609046849758,0.8908113762324807,0.0007232549055761248,212,0.9999952344719238,1.0,0.9999984114906413,0.9999968229812826,0.9999976172359619,1.7760074544947851e-06
184,13.941943943500519,0.41020928365780945,0.22248947620391846,0.01075758731085184,entropy,75,2,0.8901882854161007,0.890112037209125,0.8922755800820621,0.890097740670317,0.8906684108444013,0.0009285377556949327,213,1.0,1.0,1.0,1.0,1.0,0.0
144,13.91102159023285,0.3844553376131117,0.24300861358642578,0.021206878895272434,entropy,50,2,0.8887729280741132,0.8902359405454606,0.8930332966388838,0.8905552299121716,0.8906493487926573,0.0015316597850880019,214,0.9999920574532065,0.9999952344719238,0.9999872919251304,1.0,0.9999936459625651,4.6312608275524945e-06
208,13.66763174533844,0.7699223111148064,0.20794492959976196,0.003983571237801969,entropy,90,2,0.8899261822046216,0.8910222501798981,0.8901882854161007,0.8909126433823704,0.8905123402957478,0.0004660588814542525,215,1.0,1.0,1.0,0.9999952344719238,0.999998808617981,2.063534188199559e-06
128,13.192114114761353,0.5070292575022376,0.2033613920211792,0.017646458147020174,entropy,40,2,0.8915035669864326,0.890436092088772,0.891050843257514,0.8888015211517292,0.890448005871112,0.0010233127640159418,216,0.9995155046455956,0.9997664891242707,0.9997490155213249,0.9997124798060748,0.9996858722743165,0.0001002736702748509
136,13.010873138904572,0.462794576757135,0.1823509931564331,0.015116777510742816,entropy,45,2,0.8899643063081095,0.8897784513036061,0.8908268641495227,0.890717257351995,0.8903217197783083,0.0004567564537727893,217,0.999972995340902,0.999893569872967,0.9999269285694997,0.9999475791911628,0.9999352682436329,2.9082630461665967e-05
200,13.991625845432281,0.5283395954561094,0.25554704666137695,0.05135480562793597,entropy,85,2,0.8896402514284625,0.890741084916675,0.8894115068075352,0.8909841260764102,0.8901942423072707,0.0006786998534991382,218,1.0,0.9999968229812826,0.9999952344719238,1.0,0.9999980143633016,2.063534188199559e-06
232,13.558835506439209,0.37386652769045875,0.21207481622695923,0.026375262691401825,entropy,110,2,0.8882916112675788,0.8905695264509795,0.8904694506793238,0.8912605258266973,0.8901477785561449,0.001114103645637662,219,1.0,1.0,1.0,1.0,1.0,0.0
168,13.478878736495972,0.21950308169796873,0.24024391174316406,0.020922774003208675,entropy,65,2,0.8900357890021492,0.890726788377867,0.889802278868286,0.8899881338727894,0.8901382475302729,0.00035081588165033394,220,1.0,0.9999793493783369,1.0,1.0,0.9999948373445842,8.941981482101941e-06
176,14.421857833862305,0.8203767106133062,0.2590436339378357,0.043679698442122036,entropy,70,2,0.8894067412945993,0.890750615942547,0.8899928993857253,0.8902502370842685,0.890100123426785,0.0004842391969473958,221,1.0,1.0,1.0,1.0,1.0,0.0
160,15.06463897228241,0.7634973970152205,0.25211286544799805,0.0882499378915255,entropy,60,2,0.8908078020977788,0.8893733827040473,0.8904742161922599,0.889482989501575,0.8900345976239152,0.000618988355085057,222,0.9999984114906413,1.0,0.9999984114906413,1.0,0.9999992057453206,7.942546793593408e-07
152,13.465970575809479,0.31013859184312775,0.21596097946166992,0.02180770150400997,entropy,55,2,0.8887776935870493,0.8890540933373363,0.8898261064329659,0.8918037943013997,0.8898654219146878,0.0011832413312427607,223,1.0,1.0,0.9999968229812826,1.0,0.9999992057453206,1.3756894587997057e-06
96,10.597197949886322,0.10144479974307012,0.2562839388847351,0.03747784504348752,gini,95,2,0.8898880581011337,0.8890064382079765,0.8896688445060784,0.8897546237389261,0.8895794911385287,0.00033994804148580185,224,0.9999984114906413,1.0,1.0,1.0,0.9999996028726603,6.87844729399853e-07
80,9.025928974151611,0.12805982123435317,0.2003229260444641,0.005037771404068489,gini,85,2,0.8874576465037814,0.8896688445060784,0.8894782239886391,0.891703718529744,0.8895771083820607,0.0015027294345141223,225,1.0,1.0,1.0,0.9999968229812826,0.9999992057453206,1.3756894587997057e-06
112,9.669486284255981,0.12836242677147805,0.20707577466964722,0.0060422110009584785,gini,110,2,0.8880390390819716,0.8896354859155265,0.891050843257514,0.8895306446309349,0.8895640032214868,0.0010656490382217447,226,1.0,0.9999984114906413,1.0,1.0,0.9999996028726603,6.87844729399853e-07
72,9.527964353561401,0.09552500208285133,0.2012537121772766,0.008439052531946526,gini,80,2,0.8897403272001182,0.888548948966122,0.8886585557636496,0.8898975891270057,0.8892113552642239,0.0006113709215755152,227,0.9999936459625652,1.0,1.0,1.0,0.9999984114906413,2.7513789175513377e-06
64,9.161006093025208,0.37101802607688644,0.19354283809661865,0.009392088488319683,gini,75,2,0.8895354101438708,0.8868571918738474,0.8892923689841357,0.8909174088953065,0.88915059497429,0.001461977410668908,228,0.9999936459625652,1.0,1.0,1.0,0.9999984114906413,2.7513789175513377e-06
192,13.380875766277313,0.6858891806472203,0.20619416236877441,0.034858966205306555,entropy,80,2,0.8886776178153936,0.8890874519278883,0.8912462292878894,0.8875529567625011,0.8891410639484181,0.0013389792854478083,229,1.0,0.9999841149064129,0.9999920574532065,1.0,0.9999940430899048,6.585611898497211e-06
0,7.158821940422058,0.6284757092871728,0.14156067371368408,0.006647085813144191,gini,30,2,0.8890922174408242,0.8896211893767185,0.8882630181899629,0.8894496309110231,0.8891065139796323,0.0005230462530180367,230,0.9936141923780144,0.9931678212482189,0.9942464191027781,0.9943909734544201,0.9938548515458578,0.0004926152954928082
120,14.395055532455444,1.0561504658008232,0.2794126272201538,0.028447576440481438,entropy,30,2,0.8886919143542015,0.8901549268255489,0.8896783755319504,0.8878817771550841,0.8891017484666962,0.000880053610421001,231,0.9920796923375074,0.9922877870634975,0.993258366281665,0.9909169034869368,0.9921356872924016,0.0008324830107482116
40,9.497182488441467,0.19260655829537707,0.20804309844970703,0.016028926640387204,gini,60,2,0.8892923689841357,0.889783216816542,0.888548948966122,0.8880962252372034,0.8889301900010007,0.0006518570237766994,232,1.0,1.0,1.0,1.0,1.0,0.0
56,10.58596956729889,0.31656132407940296,0.23380959033966064,0.015039267755612547,gini,70,2,0.8880819286983954,0.8885918385825459,0.8876435015082849,0.8908935813306266,0.8888027125299631,0.0012529464960560894,233,1.0,1.0,1.0,0.9999904689438478,0.9999976172359619,4.127068376351044e-06
16,7.52453351020813,0.6165735114077527,0.16241776943206787,0.038459745316647705,gini,45,2,0.890107271696189,0.8877102186893886,0.8880676321595875,0.8889397210268727,0.8887062108930095,0.0009242945452174828,234,0.9999634642847498,0.9999904689438478,0.9999936459625652,0.999941225153728,0.9999722010862226,2.1385961735755625e-05
104,10.776106536388397,0.429285395114384,0.27980196475982666,0.022272441388245752,gini,100,2,0.8889730796174247,0.8884250456297864,0.8880628666466515,0.8887300384576894,0.888547757587888,0.0003406987649886337,235,1.0,1.0,0.9999714068315434,1.0,0.9999928517078859,1.238120512905313e-05
32,12.344905495643616,0.7892360714295672,0.25635474920272827,0.02087723738400856,gini,55,2,0.8874290534261655,0.8879341977973799,0.8890636243632083,0.889163700134864,0.8883976439304044,0.0007388034123475957,236,1.0,0.9999968229812826,1.0,1.0,0.9999992057453206,1.375689458799706e-06
48,11.115899085998535,0.7844100078314591,0.3029778003692627,0.052731285438454484,gini,65,2,0.8878817771550841,0.8876244394565409,0.8890350312855925,0.8889826106432966,0.8883809646351285,0.000634684880169659,237,1.0,0.9999936459625652,0.9999984114906413,0.9999968229812826,0.9999972201086222,2.3494370255528083e-06
8,7.911563754081726,0.18819439668695548,0.17483919858932495,0.03825742228514677,gini,40,2,0.8899261822046216,0.8873718672709338,0.888205832034731,0.8878484185645322,0.8883380750187047,0.0009634434980496443,238,0.9995059735894434,0.9999348711162932,0.9998570341577168,0.9998379720454124,0.9997839627272165,0.00016455070876549455
24,7.865247905254364,0.7230664457463435,0.15316569805145264,0.02971932705288288,gini,50,2,0.888834879742281,0.887600611891861,0.8863854060931848,0.8900834441315091,0.888226085464709,0.0013783803383525589,239,1.0,1.0,0.9999984114906413,0.9999952344719238,0.9999984114906413,1.9455186902482472e-06
88,9.74443781375885,0.32574250595085386,0.2136775255203247,0.011189662615491586,gini,90,2,0.8861900200628094,0.8874099913744216,0.8880247425431637,0.8886966798671375,0.887580358461883,0.0009227291720696791,240,0.9999984114906413,1.0,1.0,0.9999984114906413,0.9999992057453206,7.942546793593408e-07
